rank,title,director,actors,genre,Description,runtime,Votes,rating
101,Happiest Season,Clea DuVall,"Kristen Stewart, Mackenzie Davis, Mary Steenburgen, Victor Garber","Comedy, Drama, Romance","A holiday romantic comedy that captures the range of emotions tied to wanting your family's acceptance, being true to yourself, and trying not to ruin Christmas.",102,30723,6.6
102,The Call of the Wild,Chris Sanders,"Harrison Ford, Omar Sy, Cara Gee, Dan Stevens","Adventure, Drama, Family",A sled dog struggles for survival in the wilds of the Yukon.,100,43567,6.8
103,Spontaneous,Brian Duffield,"Katherine Langford, Charlie Plummer, Yvonne Orji, Hayley Law","Comedy, Horror, Romance","Get ready for the outrageous coming-of-age love story about growing up...and blowing up. When students in their school begin exploding (literally), seniors Mara and Dylan struggle to survive in a world where each moment may be their last.",101,9493,6.5
104,Supernova,Harry Macqueen,"Colin Firth, Stanley Tucci, Pippa Haywood, Peter MacQueen","Drama, Romance","Sam and Tusker are traveling across England in their old RV to visit friends, family and places from their past. Since Tusker was diagnosed with dementia two years ago, their time together is the most important thing they have.",95,7062,6.9
105,Soorarai Pottru,Sudha Kongara,"Suriya, Paresh Rawal, Aparna Balamurali, Prakash Belawadi",Drama,"Nedumaaran Rajangam ""Maara"" sets out to make the common man fly and in the process takes on the world's most capital intensive industry and several enemies who stand in his way.",153,89319,9.1
106,His House,Remi Weekes,"Sope Dirisu, Wunmi Mosaku, Malaika Wakoli-Abigaba, Matt Smith","Drama, Horror, Thriller","A refugee couple makes a harrowing escape from war-torn South Sudan, but then they struggle to adjust to their new life in an English town that has an evil lurking beneath the surface.",93,33329,6.5
107,The Midnight Sky,George Clooney,"George Clooney, Felicity Jones, David Oyelowo, Caoilinn Springall","Drama, Fantasy, Sci-Fi","This post-apocalyptic tale follows Augustine, a lonely scientist in the Arctic, as he races to stop Sully and her fellow astronauts from returning home to a mysterious global catastrophe.",118,77162,5.6
108,Hubie Halloween,Steven Brill,"Adam Sandler, Kevin James, Julie Bowen, Ray Liotta","Comedy, Mystery","Despite his devotion to his hometown of Salem (and its Halloween celebration), Hubie Dubois is a figure of mockery for kids and adults alike. But this year, something is going bump in the night, and it's up to Hubie to save Halloween.",103,42886,5.2
109,Borat Subsequent Moviefilm: Delivery of Prodigious Bribe to American Regime for Make Benefit Once Glorious Nation of Kazakhstan,Jason Woliner,"Sacha Baron Cohen, Maria Bakalova, Tom Hanks, Dani Popescu",Comedy,"Borat returns from Kazakhstan to America and this time he reveals more about the American culture, the COVID-19 pandemic and the political elections.",95,129282,6.7
110,2 Hearts,Lance Hool,"Jacob Elordi, Adan Canto, Tiera Skovbye, Radha Mitchell","Drama, Romance","For two couples the future unfolds in different decades and different places, but a hidden connection will bring them together in a way no one could have predicted.",101,2449,6.2
111,Honeydew,Devereux Milburn,"Barbara Kingsley, Stephen D'Ambrose, William Aydelott, Rachel Alexandria Arnold",Horror,Strange cravings and hallucinations befall a young couple after seeking shelter in the home of an aging farmer and her peculiar son.,106,1158,4.4
112,Breach,John Suits,"Cody Kearsley, Bruce Willis, Rachel Nichols, Kassandra Clementi","Action, Horror, Sci-Fi","On the cusp of fatherhood, a junior mechanic aboard an interstellar ark to New Earth must outwit a malevolent cosmic terror intent on using the spaceship as a weapon.",92,16048,3
113,Archive,Gavin Rothery,"Theo James, Stacy Martin, Rhona Mitra, Peter Ferdinando","Drama, Mystery, Sci-Fi",2038: George Almore is working on a true human-equivalent AI. His latest prototype is almost ready. This sensitive phase is also the riskiest. Especially as he has a goal that must be hidden at all costs.,109,16408,6.4
114,Escape from Pretoria,Francis Annan,"Daniel Radcliffe, Daniel Webber, Ian Hart, Mark Leonard Winter",Thriller,"Based on the real-life prison break of two political captives, Escape From Pretoria is a race-against-time thriller set in the tumultuous apartheid days of South Africa.",106,30059,6.8
115,We Can Be Heroes,Robert Rodriguez,"YaYa Gosselin, Pedro Pascal, Priyanka Chopra Jonas, Lyon Daniels","Action, Comedy, Drama","When alien invaders capture the Earth's superheroes, their kids must learn to work together to save their parents- and the planet.",100,12609,4.7
116,Made in Italy,James D'Arcy,"Yolanda Kettle, Micheál Richardson, Souad Faress, Liam Neeson","Comedy, Drama, Romance",A bohemian artist travels from London to Italy with his estranged son to sell the house he inherited from his late wife.,94,6448,5.9
117,Half Brothers,Luke Greenfield,"Connor Del Rio, José Zúñiga, Luis Gerardo Méndez, Vincent Spano","Comedy, Drama","Renato, a Mexican aviation exec, is shocked to learn he has an American half-brother he never knew about, the free-spirited Asher. They are forced on a road trip together, tracing the path their father took from Mexico to the US.",96,1702,6.1
118,Hillbilly Elegy,Ron Howard,"Amy Adams, Glenn Close, Gabriel Basso, Haley Bennett",Drama,"An urgent phone call pulls a Yale Law student back to his Ohio hometown, where he reflects on three generations of family history and his own future.",116,38030,6.7
119,Wild Mountain Thyme,John Patrick Shanley,"Emily Blunt, Jamie Dornan, Jon Hamm, Christopher Walken","Comedy, Drama, Romance",A pair of star-crossed lovers in Ireland get caught up in their family's land dispute.,102,5306,5.7
120,Kolskaya sverhglubokaya,Arseny Syuhin,"Milena Radulovic, Sergey Ivanyuk, Nikolay Kovbas, Vadim Demchog","Horror, Thriller",A small research team went down below the surface to find out what secret the world's deepest borehole was hiding. What they have found turned out to be the greatest threat in history. And the future of humanity is in their hands.,115,3015,4.9
121,2067,Seth Larney,"Aaron Glenane, Kodi Smit-McPhee, Ryan Kwanten, Finn Little",Sci-Fi,One man's journey to the future to save a dying world.,114,7365,4.9
122,Army of One,Stephen Durham,"Ellen Hollman, Matt Passmore, Geraldine Singer, Stephen Dunlevy",Action,"Out hiking, Special Forces Brenner Baker stumbles onto a Cartel's compound. Her husband's killed and she's left for dead. The Cartel made two mistakes, killing her husband and leaving her alive. They won't live to make another.",87,3888,4.7
123,All the Bright Places,Brett Haley,"Elle Fanning, Justice Smith, Alexandra Shipp, Kelli O'Hara","Drama, Romance","The story of Violet and Theodore, who meet and change each other's lives forever. As they struggle with the emotional and physical scars of their past, they discover that even the smallest places and moments can mean something.",107,25076,6.5
124,Wander,April Mullen,"Aaron Eckhart, Tommy Lee Jones, Katheryn Winnick, Heather Graham",Thriller,"After getting hired to probe a suspicious death in the small town of Wander, a mentally unstable private investigator becomes convinced the case is linked to the same 'conspiracy cover up' that caused the death of his daughter.",94,7814,4.9
125,Kajillionaire,Miranda July,"Richard Jenkins, Debra Winger, Evan Rachel Wood, Patricia Belcher","Comedy, Crime, Drama",A woman's life is turned upside down when her criminal parents invite an outsider to join them on a major heist they're planning.,104,14186,6.5
126,The Comeback Trail,George Gallo,"Robert De Niro, Tommy Lee Jones, Morgan Freeman, Zach Braff","Comedy, Crime",Two movie producers who owe money to the mob set up their aging movie star for an insurance scam to try and save themselves. But they wind up getting more than they ever imagined.,104,4386,5.6
127,Scoob!,Tony Cervone,"Will Forte, Mark Wahlberg, Jason Isaacs, Gina Rodriguez","Animation, Adventure, Comedy","Scooby and the gang face their most challenging mystery ever: a plot to unleash the ghost dog Cerberus upon the world. As they race to stop this dogpocalypse, the gang discovers that Scooby has an epic destiny greater than anyone imagined.",93,23259,5.7
128,Holidate,John Whitesell,"Emma Roberts, Luke Bracey, Kristin Chenoweth, Frances Fisher","Comedy, Romance","Fed up with being single on holidays, two strangers agree to be each other's platonic plus-ones all year long, only to catch real feelings along the way.",104,52309,6.1
129,Kol,Chung-Hyun Lee,"Park Shin-Hye, Jeon Jong-seo, Sung-ryung Kim, Lee El","Crime, Horror, Mystery","Two people live in different times. Seo-Yeon lives in the present and Young-Sook lives in the past. One phone call connects the two, and their lives are changed irrevocably.",112,24521,7.1
130,De Oost,Jim Taihuttu,"Martijn Lakemeier, Marwan Kenzari, Jonas Smulders, Abel van Gijlswijk","Drama, Thriller, War",A young Dutch soldier deployed to suppress post-WWII independence efforts in the Netherlands' colony of Indonesia finds himself torn between duty and conscience when he joins an increasingly ruthless commander's elite squad.,137,3627,7
131,Bando,Sang-ho Yeon,"Dong-won Gang, Lee Jung-hyun, Re Lee, Hae-hyo Kwon","Action, Horror, Thriller","A zombie virus has in the last 4 years spread to all South Korea. 4 Koreans in Hong Kong sail through the blockade to Incheon for USD20,000,000 on a truck.",116,27409,5.5
132,The Silencing,Robin Pront,"Nikolaj Coster-Waldau, Caleb Ellsworth-Clark, Josh Cruddas, Annabelle Wallis","Action, Crime, Thriller",A reformed hunter living in isolation on a wildlife sanctuary becomes involved in a deadly game of cat and mouse when he and the local Sheriff set out to track a vicious killer who may have kidnapped his daughter years ago.,93,17561,6.2
133,The Education of Fredrick Fitzell,Christopher MacBride,"Liisa Repo-Martell, Dylan O'Brien, Hannah Gross, Donald Burda","Drama, Mystery, Thriller","After a chance encounter with a man forgotten from his youth, Fred literally and metaphorically journeys into his past.",97,3785,5.4
134,Sweat,Magnus von Horn,"Magdalena Kolesnik, Julian Swiezewski, Aleksandra Konieczna, Zbigniew Zamachowski",Drama,"Three days in the life of fitness motivator Sylwia Zajac, a social media celebrity surrounded by loyal employees and admirers, who is really looking for true intimacy.",106,1675,6.6
135,The Sound of Philadelphia,Jérémie Guez,"Matthias Schoenaerts, Joel Kinnaman, Maika Monroe, Paul Schneider","Action, Crime, Drama","A tale of family, friendships and betrayal in the violent world of the Philadelphia mob.",105,1359,4.9
136,The Wrong Missy,Tyler Spindel,"David Spade, Lauren Lapkus, Nick Swardson, Geoff Pierson","Comedy, Romance","Tim thinks he's invited the woman of his dreams on a work retreat to Hawaii, realizing too late he mistakenly texted someone from a nightmare blind date.",90,35644,5.7
137,Becky,Jonathan Milott,"Lulu Wilson, Kevin James, Joel McHale, Robert Maillet","Action, Crime, Drama",A teenager's weekend at a lake house with her father takes a turn for the worse when a group of convicts wreaks havoc on their lives.,93,14427,5.9
138,The War with Grandpa,Tim Hill,"Robert De Niro, Uma Thurman, Rob Riggle, Oakes Fegley","Comedy, Drama, Family","Upset that he has to share the room he loves with his grandfather, Peter decides to declare war in an attempt to get it back.",94,17180,5.6
139,Lost Girls and Love Hotels,William Olsson,"Alexandra Daddario, Takehiro Hira, Carice van Houten, Andrew Rothney",Drama,"Haunted by her past, an English teacher explores love and dust with a dashing yakuza gangster in Tokyo.",97,3737,4.6
140,The Rental,Dave Franco,"Dan Stevens, Alison Brie, Sheila Vand, Jeremy Allen White","Drama, Horror, Mystery",Two couples rent a vacation home for what should be a celebratory weekend get-away.,88,24071,5.7
141,Chick Fight,Paul Leyden,"Malin Akerman, Bella Thorne, Dulcé Sloan, Kevin Connolly","Action, Comedy, Drama","When Anna Wyncomb is introduced to an underground, all-female fight club in order to turn the mess of her life around, she discovers she is much more personally connected to the history of the club than she could ever imagine.",97,3411,4.6
142,Limbo,Ben Sharrock,"Sidse Babett Knudsen, Kenneth Collard, Amir El-Masry, Vikash Bhai",Drama,"Omar is a promising young musician. Separated from his Syrian family, he is stuck on a remote Scottish island awaiting the fate of his asylum request.",104,1495,7.2
143,The Tax Collector,David Ayer,"Bobby Soto, Cinthya Carmona, Shia LaBeouf, Jose Conejo Martin","Action, Crime, Drama","A ""tax collector"" working for a local crime lord finds his family's safety compromised when the rival of his boss shows up in L.A. and upends the business.",95,11489,4.8
144,The Wolf of Snow Hollow,Jim Cummings,"Jim Cummings, Riki Lindhome, Robert Forster, Chloe East","Comedy, Horror, Mystery","Terror grips a small mountain town as bodies are discovered after each full moon. Losing sleep, raising a teenage daughter, and caring for his ailing father, officer Marshall struggles to remind himself there's no such thing as werewolves.",83,14862,6.2
145,Project Power,Henry Joost,"Jamie Foxx, Joseph Gordon-Levitt, Dominique Fishback, Rodrigo Santoro","Action, Crime, Sci-Fi","When a pill that gives its users unpredictable superpowers for five minutes hits the streets of New Orleans, a teenage dealer and a local cop must team with an ex-soldier to take down the group responsible for its creation.",113,78970,6
146,Meander,Mathieu Turi,"Gaia Weiss, Peter Franzén, Romane Libert, Frédéric Franchitti","Drama, Horror, Mystery",A woman finds herself locked in a series of strange tunnels full of deadly traps.,90,3928,5.8
147,Falling,Viggo Mortensen,"Viggo Mortensen, Lance Henriksen, Terry Chen, Sverrir Gudnason",Drama,"John Peterson lives with his partner Eric and their adopted daughter in Southern California. When he is visited by his aging father who is searching for a place to retire, their two very different worlds collide.",112,4112,6.5
148,Capone,Josh Trank,"Tom Hardy, Linda Cardellini, Matt Dillon, Al Sapienza","Biography, Crime, Drama","The 47-year old Al Capone, after 10 years in prison, starts suffering from dementia and comes to be haunted by his violent past.",103,18469,4.7
149,The Way Back,Gavin O'Connor,"Ben Affleck, Al Madrigal, Janina Gavankar, Michaela Watkins","Drama, Sport","Jack Cunningham was a high school basketball phenom who walked away from the game, forfeiting his future. Years later, when he reluctantly accepts a coaching job at his alma mater, he may get one last shot at redemption.",108,39148,6.7
150,The Dark and the Wicked,Bryan Bertino,"Marin Ireland, Michael Abbott Jr., Julie Oliver-Touchstone, Lynn Andrews",Horror,"On a secluded farm in a nondescript rural town, a man is slowly dying. His family gathers to mourn, and soon a darkness grows, marked by waking nightmares and a growing sense that something evil is taking over the family.",95,12621,6.1
151,A Dark Foe,Maria Gabriela Cardenas,"Oscar Cardenas, Kenzie Dalton, Selma Blair, Graham Greene","Crime, Drama, Horror","A guilt-ridden FBI agent, stranded in the painful memory of the abduction of his sister, suffers from a rare condition known as Nyctophobia, an irrational fear of the dark, and will have to... See full summary »",114,7473,6.7
152,Alone,Johnny Martin,"Tyler Posey, Summer Spiro, Donald Sutherland, Robert Ri'chard","Horror, Thriller","When an outbreak hits, Aidan barricades himself inside his apartment and starts rationing food. His complex is overrun by infected Screamers, and with the world falling apart into chaos, he is left completely alone fighting for his life.",92,2576,4.9
153,Dream Horse,Euros Lyn,"Toni Collette, Owen Teale, Alan David, Lynda Baron","Biography, Comedy, Drama","Dream Alliance is an unlikely race horse bred by small-town Welsh bartender Jan Vokes. With no experience, Jan convinces her neighbors to chip in their meager earnings to help raise Dream in the hopes he can compete with the racing elites.",113,2227,6.9
154,After Love,Aleem Khan,"Joanna Scanlan, Nathalie Richard, Talid Ariss, Nasser Memarzia",Drama,"Set in the port town of Dover, Mary Hussain suddenly finds herself a widow following the unexpected death of her husband. A day after the burial, she discovers he has a secret just twenty-one miles across the English Channel in Calais.",89,469,7.4
155,Été 85,François Ozon,"Félix Lefebvre, Benjamin Voisin, Philippine Velge, Valeria Bruni Tedeschi","Drama, Music","While boating, Alexis's boat capsizes and almost drowns before being rescued by David, who ultimately ends up as his boyfriend.",101,6491,6.9
156,The Duke,Roger Michell,"Matthew Goode, Helen Mirren, Anna Maxwell Martin, Jim Broadbent","Biography, Comedy, Drama","In 1961, Kempton Bunton, a 60 year old taxi driver, steals Goya's portrait of the Duke of Wellington from the National Gallery in London.",96,768,6.5
157,Artemis Fowl,Kenneth Branagh,"Ferdia Shaw, Lara McDonnell, Josh Gad, Tamara Smart","Adventure, Family, Fantasy","Artemis Fowl, a young criminal prodigy, hunts down a secret society of fairies to find his missing father.",95,25637,4.2
158,The SpongeBob Movie: Sponge on the Run,Tim Hill,"Tim Hill, Clancy Brown, Bill Fagerbakke, Rodger Bumpass","Animation, Adventure, Comedy","After SpongeBob's beloved pet snail Gary is snail-napped, he and Patrick embark on an epic adventure to The Lost City of Atlantic City to bring Gary home.",91,15051,6
159,Rifkin's Festival,Woody Allen,"Wallace Shawn, Michael Garvey, Damian Chapa, Bobby Slayton",Comedy,"A married American couple go to the San Sebastian Festival and get caught up in the magic of the event, the beauty and charm of the city and the fantasy of movies.",88,3833,6.1
160,Stay Out of the F**king Attic,Jerren Lauder,"Ryan Francis, Morgan Alexandria, Bryce Fernelius, Michael Flynn",Horror,"A group of ex-cons-turned-movers are convinced by their creepy client to pull an all-nighter. As the night progresses, they uncover the horrors that exist inside his old Victorian mansion.",80,839,4.5
161,Uncle Frank,Alan Ball,"Paul Bettany, Sophia Lillis, Peter Macdissi, Steve Zahn","Comedy, Drama","In 1973, when Frank Bledsoe and his 18-year-old niece Beth take a road trip from Manhattan to Creekville, South Carolina, for the family patriarch's funeral, they're unexpectedly joined by Frank's lover, Walid.",95,17492,7.3
162,Incision,Ali Zamani,"Korrina Rico, Lee Kholafai, Costas Mandylor, Caylee Cowan","Horror, Thriller","Beauty Blogger Alexa Landry only had one fear, plastic surgery. She ultimately had to face this fear when she was kidnapped with her friends by Dr. Cunningham. A deranged plastic surgeon who is obsessed with beautifying his victims.",79,1896,5.8
163,Horizon Line,Mikael Marcimain,"Allison Williams, Alexander Dreymon, Keith David, Pearl Mackie","Adventure, Drama, Thriller",A couple flying on a small plane to attend a tropical island wedding must fight for their lives after their pilot suffers a heart attack.,92,7055,4.7
164,Superintelligence,Ben Falcone,"Melissa McCarthy, James Corden, Bobby Cannavale, Brian Tyree Henry","Comedy, Romance, Sci-Fi","When an all-powerful Superintelligence chooses to study average Carol Peters, the fate of the world hangs in the balance. As the A.I. decides to enslave, save or destroy humanity, it's up to Carol to prove that people are worth saving.",106,7797,5.4
165,Words on Bathroom Walls,Thor Freudenthal,"Charlie Plummer, Andy Garcia, Taylor Russell, AnnaSophia Robb","Drama, Romance","Diagnosed with a mental illness halfway through his senior year of high school, a witty, introspective teen struggles to keep it a secret while falling in love with a brilliant classmate who inspires him to not be defined by his condition.",110,6735,7.2
166,Fatale,Deon Taylor,"Hilary Swank, Michael Ealy, Mike Colter, Damaris Lewis",Thriller,"After a one-night stand, a successful married man finds himself entangled in a cunning police detective's latest investigation.",102,7811,5.4
167,Paydirt,Christian Sesma,"Luke Goss, Val Kilmer, Mike Hatton, Paul Sloan","Crime, Thriller","A parolee teams up with his old crew determined to find a buried bag of cash stolen five years ago from a DEA bust gone bad, while being tracked by a retired Sheriff.",81,3912,4
168,Spree,Eugene Kotlyarenko,"Joe Keery, Sasheer Zamata, David Arquette, Kyle Mooney","Comedy, Crime, Drama","Thirsty for a following, Kurt Kunkle is a rideshare driver who has figured out a deadly plan to go viral.",93,6889,5.9
169,Ma Rainey's Black Bottom,George C. Wolfe,"Viola Davis, Chadwick Boseman, Glynn Turman, Colman Domingo","Drama, Music",Tensions rise when trailblazing blues singer Ma Rainey and her band gather at a recording studio in Chicago in 1927.,94,46127,6.9
170,Occupation: Rainfall,Luke Sparke,"Dan Ewing, Temuera Morrison, Daniel Gillies, Lawrence Makoare","Action, Sci-Fi","Two years after aliens land on Earth, survivors from Sydney, Australia, fight in a desperate war as the number of casualties continue to grow.",128,12858,5.7
171,Summerland,Jessica Swale,"Gemma Arterton, Gugu Mbatha-Raw, Penelope Wilton, Tom Courtenay","Drama, Romance, War","During World War II, an Englishwoman opens her heart to an evacuee after initially resolving to be rid of him in this moving journey of womanhood, love and friendship.",99,5077,7
172,Life in a Year,Mitja Okorn,"Jaden Smith, Cara Delevingne, Cuba Gooding Jr., Chris D'Elia","Drama, Romance",The movie follows 17-year-old Daryn who finds out that his girlfriend is dying. He sets out to give her an entire life in the last year she has left.,107,6650,6.1
173,The Night Clerk,Michael Cristofer,"Tye Sheridan, Ana de Armas, Helen Hunt, John Leguizamo","Crime, Drama, Mystery",A voyeuristic hotel clerk becomes the subject of a murder investigation.,90,13085,5.5
174,Come Play,Jacob Chase,"Azhy Robertson, Gillian Jacobs, John Gallagher Jr., Winslow Fegley","Drama, Horror, Mystery",A monster named Larry manifests itself through smart phones and mobile devices. Feature film version of the 2017 short film.,96,10091,5.7
175,Comment je suis devenu super-héros,Douglas Attal,"Pio Marmaï, Vimala Pons, Benoît Poelvoorde, Leïla Bekhti","Action, Adventure, Comedy","While superheroes have assimilated into Parisian society, a new drug gives super powers to mere mortals.",97,3886,5.8
176,You Should Have Left,David Koepp,"Kevin Bacon, Amanda Seyfried, Avery Tiiu Essex, Colin Blumenau","Horror, Thriller","A former banker, his actress wife, and their spirited daughter book a vacation at an isolated modern home in the Welsh countryside where nothing is quite as it seems.",93,18272,5.4
177,Vanguard,Stanley Tong,"Jackie Chan, Yang Yang, Lun Ai, Miya Muqi","Action, Adventure, Comedy",Covert security company Vanguard is the last hope of survival for an accountant after he is targeted by the world's deadliest mercenary organization.,107,4518,4.7
178,The Prom,Ryan Murphy,"Meryl Streep, James Corden, Nicole Kidman, Kerry Washington","Comedy, Drama, Musical",A troupe of hilariously self-obsessed theater stars swarm into a small conservative Indiana town in support of a high school girl who wants to take her girlfriend to the prom.,130,24940,5.9
179,Serebryanye konki,Michael Lockshin,"Fedor Fedotov, Sonya Priss, Yuriy Borisov, Kirill Zaytsev","Adventure, Drama, Family","The 20th century is just around the corner. In winter, St. Petersburg transforms into a fairy tale-like wonderland where frozen rivers and canals serve as the iced-over roads and bustle ... See full summary »",130,3617,7.1
180,Sky Sharks,Marc Fehse,"Thomas Morris, Eva Habermann, Barbara Nedeljakova, Tony Todd","Comedy, Horror, Sci-Fi","""Deep in the ice of the antarctic, a team of geologists uncover an old nazi laboratory still intact where dark experiments had occured. In order to conquer the world, the Nazis created ... See full summary »",102,1085,3.5
181,Four Good Days,Rodrigo García,"Glenn Close, Mila Kunis, Stephen Root, Joshua Leonard",Drama,A mother helps her daughter work through four crucial days of recovery from substance abuse.,100,2382,6.5
182,Jiu Jitsu,Dimitri Logothetis,"Alain Moussi, Nicolas Cage, Raymond Pinharry, Mary Makariou","Action, Sci-Fi, Thriller","Every six years, an ancient order of jiu-jitsu fighters joins forces to battle a vicious race of alien invaders. But when a celebrated war hero goes down in defeat, the fate of the planet and mankind hangs in the balance.",102,7336,2.9
183,My Spy,Peter Segal,"Dave Bautista, Chloe Coleman, Parisa Fitz-Henley, Kristen Schaal","Action, Comedy","A hardened CIA operative finds himself at the mercy of a precocious 9-year-old girl, having been sent undercover to surveil her family.",99,27144,6.4
184,Psycho Goreman,Steven Kostanski,"Nita-Josee Hanna, Owen Myre, Matthew Ninaber, Steven Vlahos","Comedy, Horror, Sci-Fi","After unearthing a gem that controls an evil monster looking to destroy the Universe, a young girl and her brother use it to make him do their bidding.",95,9300,6.3
185,An American Pickle,Brandon Trost,"Seth Rogen, Sarah Snook, Molly Evensen, Eliot Glazer",Comedy,An immigrant worker at a pickle factory is accidentally preserved for 100 years and wakes up in modern-day Brooklyn.,88,19630,5.7
186,#Saraitda,Il Cho,"Yoo Ah-in, Park Shin-Hye, Jeon Bae-soo, Hyun-Wook Lee","Action, Drama, Horror","The rapid spread of an unknown infection has left an entire city in ungovernable chaos, but one survivor remains alive in isolation. It is his story.",98,31481,6.3
187,Da 5 Bloods,Spike Lee,"Delroy Lindo, Jonathan Majors, Clarke Peters, Norm Lewis","Adventure, Drama, War",Four African-American vets battle the forces of man and nature when they return to Vietnam seeking the remains of their fallen squad leader and the gold fortune he helped them hide.,154,47434,6.5
188,Mogul Mowgli,Bassam Tariq,"Riz Ahmed, Anjana Vasan, Aiysha Hart, Nabhaan Rizwan",Drama,"A British Pakistani rapper is on the cusp of his first world tour, but is struck down by an illness that threatens to derail his big break.",89,1805,6.7
189,Fatman,Eshom Nelms,"Mel Gibson, Walton Goggins, Marianne Jean-Baptiste, Chance Hurstfield","Action, Comedy, Fantasy","A rowdy, unorthodox Santa Claus is fighting to save his declining business. Meanwhile, Billy, a neglected and precocious 12 year old, hires a hit man to kill Santa after receiving a lump of coal in his stocking.",100,19433,5.9
190,Let Them All Talk,Steven Soderbergh,"Meryl Streep, Gemma Chan, Dianne Wiest, Christopher Fitzgerald","Comedy, Drama",A famous author goes on a cruise trip with her friends and nephew in an effort to find fun and happiness while she comes to terms with her troubled past.,113,8904,6.1
191,Hunter Hunter,Shawn Linden,"Camille Sullivan, Summer H. Howell, Devon Sawa, Nick Stahl","Horror, Thriller","Joseph and his family live in the remote wilderness as fur trappers, but their tranquility is threatened when they think they are being hunted by the return of a rogue wolf, and Joseph leaves them behind to track it.",93,7293,6.4
192,Host,Rob Savage,"Haley Bishop, Jemma Moore, Emma Louise Webb, Radina Drandova","Horror, Mystery","Six friends hire a medium to hold a seance via Zoom during lockdown, but they get far more than they bargained for as things quickly go wrong.",57,22829,6.5
193,Relic,Natalie Erika James,"Robyn Nevin, Emily Mortimer, Bella Heathcote, Steve Rodgers","Drama, Horror, Mystery","A daughter, mother and grandmother are haunted by a manifestation of dementia that consumes their family's home.",89,22567,6
194,WolfWalkers,Tomm Moore,"Honor Kneafsey, Eva Whittaker, Sean Bean, Simon McBurney","Animation, Adventure, Family",A young apprentice hunter and her father journey to Ireland to help wipe out the last wolf pack. But everything changes when she befriends a free-spirited girl from a mysterious tribe rumored to transform into wolves by night.,103,25021,8.1
195,I Still Believe,Andrew Erwin,"K.J. Apa, Britt Robertson, Nathan Parsons, Gary Sinise","Biography, Drama, Music",The true-life story of Christian music star Jeremy Camp and his journey of love and loss that looks to prove there is always hope.,116,10134,6.5
196,Bad Candy,Scott B. Hansen,"Zach Galligan, Corey Taylor, Derek Russo, Kenneth Trujillo","Horror, Thriller","On Halloween night in New Salem, Radio DJs Chilly Billy (Corey Taylor) and Paul (Zach Galligan) tell a twisted anthology of terrifying local myths that lead to a grim end for small-town residents.",100,40,6.5
197,BAC Nord,Cédric Jimenez,"Gilles Lellouche, François Civil, Karim Leklou, Adèle Exarchopoulos","Crime, Thriller","A police brigade working in the dangerous northern neighborhoods of Marseille, where the level of crime is higher than anywhere else in France.",105,659,7.4
198,The Secret: Dare to Dream,Andy Tennant,"Katie Holmes, Josh Lucas, Celia Weston, Jerry O'Connell","Drama, Romance","A feature film adaptation of the self-help book, 'The Secret', which focuses on the power of positive thinking.",107,11688,6.5
199,Gretel & Hansel,Oz Perkins,"Sophia Lillis, Samuel Leakey, Alice Krige, Jessica De Gouw","Fantasy, Horror, Mystery","A long time ago in a distant fairy tale countryside, a young girl leads her little brother into a dark wood in desperate search of food and work, only to stumble upon a nexus of terrifying evil.",87,27659,5.4
200,Hour of Lead,Peter Facinelli,"Anne Heche, Thomas Jane, Jason Patric, Alex Haydon","Crime, Mystery, Thriller","Story of a husband and wife that will stop at nothing to find their missing daughter, who disappeared on a family camping trip. When the police don't catch any leads, the duo take over.",115,8753,5.7
201,Blithe Spirit,Edward Hall,"Dan Stevens, Isla Fisher, Aimee-Ffion Edwards, Michele Dotrice","Comedy, Fantasy, Romance","A spiritualist medium holds a seance for a writer suffering from writer's block but accidentally summons the spirit of his deceased first wife, which leads to an increasingly complex love triangle with his current wife of five years.",99,4573,5.4
202,Force of Nature,Michael Polish,"Emile Hirsch, Mel Gibson, David Zayas, Kate Bosworth","Action, Crime, Drama",A gang of thieves plan a heist during a hurricane and encounter trouble when a cop tries to force everyone in the building to evacuate.,91,9378,4.5
203,The Toll,Michael Nader,"Jordan Hayes, Max Topplin, James McGowan, Rosemary Dunsmore","Horror, Thriller",A socially awkward driver and a weary passenger try to make it to their destination while being haunted by a supernatural threat.,80,1913,5.3
204,One Night in Miami...,Regina King,"Kingsley Ben-Adir, Eli Goree, Aldis Hodge, Leslie Odom Jr.",Drama,"A fictional account of one incredible night where icons Muhammad Ali, Malcolm X, Sam Cooke, and Jim Brown gathered discussing their roles in the Civil Rights Movement and cultural upheaval of the 60s.",114,28574,7.1
205,What Lies Below,Braden R. Duemmler,"Ema Horvath, Troy Iwata, Danny Corbo, Mena Suvari","Horror, Mystery, Sci-Fi","A 16-year-old girl returns home from camp and learns that her mother has a new boyfriend, one she intends to marry. A man whose charm, intelligence and beauty make him look like he's not human at all.",87,7461,4.3
206,Butchers,Adrian Langley,"Simon Phillips, Michael Swatton, Julie Mainville, Anne-Carolyne Binette",Horror,"A family of sadistic butchers has dug into the back country and, from the deep freeze of winter to the dog days of summer, anyone who crosses their path is dead meat.",92,1553,4.6
207,Percy,Clark Johnson,"Christopher Walken, Roberta Maxwell, Christina Ricci, Zach Braff","Biography, Drama",A Canadian farmer takes on a giant corporation after their GMOs interfere with his crops.,99,1088,6.4
208,Rogue,M.J. Bassett,"Megan Fox, Philip Winchester, Greg Kriek, Brandon Auret","Action, Horror, Thriller","O'Hara is a mercenary leading a squad of soldiers on their mission to rescue hostages in remote part of Africa. Unfortunately the mission goes wrong and the team are stranded, forced to survive against the local rebels.",105,7177,4
209,Dara iz Jasenovca,Predrag Antonijevic,"Biljana Cekic, Zlatan Vidovic, Anja Stanic, Luka Saranovic","Drama, War",Follows the story of a young girl named Dara who is sent to a concentration camp in Croatia during World War 2.,130,79001,8.9
210,Penguin Bloom,Glendyn Ivin,"Naomi Watts, Griffin Murray-Johnston, Andrew Lincoln, Essi Murray-Johnston",Drama,A family takes in an injured Magpie that makes a profound difference in their lives.,95,7898,6.8
211,Ghosts of War,Eric Bress,"Brenton Thwaites, Kyle Gallner, Alan Ritchson, Theo Rossi","Horror, Thriller, War",Five American soldiers assigned to hold a French Chateau near the end of World War II. This unexpected respite quickly descends into madness when they encounter a supernatural enemy more terrifying than anything seen on the battlefield.,94,8400,5.5
212,Voces,Ángel Gómez Hernández,"Rodolfo Sancho, Ana Fernández, Ramón Barea, Belén Fabra","Drama, Horror, Mystery","Daniel and Sara have a 9-year-old son, Eric, and they've just moved to a new home not knowing the neighbours call it ""the house of the voices"". Eric is the first one to notice the odd noises behind each door.",97,11866,6.1
213,No Man's Land,Conor Allyn,"Jake Allyn, Frank Grillo, Jorge A. Jimenez, Andie MacDowell","Action, Adventure, Thriller","When a vigilante border patrol turns fatal, a man flees on horseback to Mexico, seeking forgiveness from the victim's father.",114,752,5
214,Valley Girl,Rachel Lee Goldenberg,"Jessica Rothe, Josh Whitehouse, Jessie Ennis, Ashleigh Murray","Comedy, Musical, Romance","Set to a new wave '80s soundtrack, a pair of young lovers from different backgrounds defy their parents and friends to stay together. A musical adaptation of the 1983 film.",102,3174,5.5
215,Initiation,John Berardo,"Isabella Gomez, Lindsay LaVanchy, Froy Gutierrez, James Berardo","Crime, Horror, Mystery","Whiton University unravels the night a star-athlete is murdered, kicking off a spree of social media slayings that force students to uncover the truth behind the school's hidden secrets and the horrifying meaning of an exclamation point.",96,2466,5.1
216,Spell,Mark Tonderai,"Omari Hardwick, Loretta Devine, Lorraine Burroughs, Hannah Gonera","Horror, Thriller",A man crash lands in rural Appalachia and awakens in the attic of a traditional Hoodoo practitioner. He desperately tries to break free from her dark magic and save his family from a sinister ritual before the rise of the blood moon.,91,4865,5.5
217,On the Rocks,Sofia Coppola,"Bill Murray, Rashida Jones, Marlon Wayans, Jessica Henwick","Comedy, Drama, Romance",A young mother reconnects with her larger-than-life playboy father on an adventure through New York.,96,27412,6.5
218,Mainstream,Gia Coppola,"Andrew Garfield, Maya Hawke, Nat Wolff, Kalena Yiaueki","Comedy, Drama","In this cautionary tale, three people struggle to preserve their identities as they form an eccentric love triangle within the fast-moving internet age.",94,1804,4.9
219,Vicious Fun,Cody Calahan,"Evan Marsh, Amber Goldfarb, Ari Millen, Julian Richings","Comedy, Horror","Joel, a caustic 1980s film critic for a national horror magazine, finds himself unwittingly trapped in a self-help group for serial killers. With no other choice, Joel attempts to blend in or risk becoming the next victim.",101,2506,6.6
220,Lorelei,Sabrina Doyle,"Jena Malone, Pablo Schreiber, Ryan Findley, Cory Ellis",Drama,"A working-class fable about a biker, a mermaid and three shades of blue.",111,885,6.2
221,"Quo vadis, Aida?",Jasmila Zbanic,"Jasna Djuricic, Izudin Bajrovic, Boris Ler, Dino Bajrovic","Drama, History, War","Aida is a translator for the UN in the small town of Srebrenica. When the Serbian army takes over the town, her family is among the thousands of citizens looking for shelter in the UN camp.",101,25081,7.9
222,Love Wedding Repeat,Dean Craig,"Sam Claflin, Olivia Munn, Freida Pinto, Eleanor Tomlinson","Comedy, Romance","While trying to make his sister's wedding day go smoothly, Jack finds himself juggling an angry ex-girlfriend, an uninvited guest with a secret, a misplaced sleep sedative, and the girl that got away in alternate versions of the same day.",100,19042,5.5
223,Deep Blue Sea 3,John Pogue,"Tania Raymonde, Nathaniel Buzolic, Emerson Brooks, Bren Foster","Action, Horror, Sci-Fi","Studying the effects of climate change off the coast of Mozambique, a marine biologist and her team confront three genetically enhanced bull sharks. Now, a new bloodbath is waiting to happen in the name of science. Will humans never learn?",100,5575,4.7
224,Over the Moon,Glen Keane,"Glen Keane, Brycen Hall, Ruthie Ann Miles, John Cho","Animation, Adventure, Comedy","In this animated musical, a girl builds a rocket ship and blasts off, hoping to meet a mythical moon goddess.",95,19225,6.4
225,Shithouse,Cooper Raiff,"Cooper Raiff, Dylan Gelula, Amy Landecker, Logan Miller","Comedy, Drama, Romance",A lonely college freshman forges a strong connection with his resident assistant during a fraternity party.,100,3295,6.8
226,Horse Girl,Jeff Baena,"Alison Brie, Molly Shannon, Goldenite, Stella Chestnut","Drama, Mystery, Thriller","Sarah, a socially isolated woman with a fondness for arts and crafts, horses, and supernatural crime shows finds her increasingly lucid dreams trickling into her waking life.",103,16187,5.9
227,Embattled,Nick Sarkisov,"Drew Starkey, Elizabeth Reaser, Stephen Dorff, Donald Faison","Action, Drama, Sport","A son aspires to follow in his famous MMA father's footsteps, but along his journey must figure out how to break the abusive cycle, if possible, that his father has continued.",117,2028,6.5
228,Grizzly II: The Predator,André Szöts,"George Clooney, Laura Dern, Charlie Sheen, Louise Fletcher","Horror, Music, Thriller","All hell breaks loose when a giant Grizzly, reacting to the slaughter of Grizzlies by poachers, attacks at a massive big-band rock concert in the National Park.",74,768,3.3
229,"Crazy, Rich and Deadly",Danny Buday,"Renae Anderson, Jon Briddell, Alanna Foley, Rose Han",Thriller,"When Brandi arrives at her boyfriend Aaron's family estate, she is surprised to discover that his father is one of the richest men in the country. But as Brandi falls deeper in love, she ... See full summary »",84,56,5.3
230,Lost Girls,Liz Garbus,"Amy Ryan, Thomasin McKenzie, Gabriel Byrne, Lola Kirke","Drama, Mystery, Thriller","When Mari Gilbert's daughter disappears, police inaction drives her own investigation into the gated Long Island community where Shannan was last seen. Her search brings attention to over a dozen murdered sex workers.",95,19333,6.1
231,The High Note,Nisha Ganatra,"Dakota Johnson, Tracee Ellis Ross, Kelvin Harrison Jr., Bill Pullman","Drama, Music, Romance",A superstar singer and her overworked personal assistant are presented with a choice that could alter the course of their respective careers.,113,8700,6.4
232,The Grudge,Nicolas Pesce,"Tara Westwood, Junko Bailey, David Lawrence Brown, Zoe Fish","Fantasy, Horror",A house is cursed by a vengeful ghost that dooms those who enter it with a violent death.,94,22681,4.3
233,Allagash,John Barr,"Tom Berenger, Kristen Hager, Paul Ben-Victor, Jimmy LeBlanc","Drama, Thriller",A retired veteran hunting in Northern Maine stumbles across a dead woman and a large sum of money.,89,1717,5.2
234,Skylines,Liam O'Donnell,"Lindsey Morgan, Jonathan Howard, Daniel Bernhardt, Rhona Mitra","Action, Adventure, Sci-Fi","When a virus threatens to turn the now earth-dwelling friendly alien hybrids against humans, Captain Rose Corley must lead a team of elite mercenaries on a mission to the alien world in order to save what's left of humanity.",113,6888,4.7
235,Six Minutes to Midnight,Andy Goddard,"Nigel Lindsay, Judi Dench, Eddie Izzard, Jim Broadbent","Drama, Thriller","UK, Aug. 15, 1939: 17 days before WWII, an English teacher and his camera disappear on a coastal boarding school with 20 German teen girls. Miller gets the job 6 days later, secretly trying to find out what happened.",99,2860,5.7
236,Misbehaviour,Philippa Lowthorpe,"Keira Knightley, Gugu Mbatha-Raw, Jessie Buckley, Greg Kinnear","Comedy, Drama, History",A group of women hatch a plan to disrupt the 1970 Miss World beauty competition in London.,106,7062,6.3
237,The Banker,George Nolfi,"Anthony Mackie, Samuel L. Jackson, Nicholas Hoult, Nia Long","Biography, Drama",In the 1960s two African-American entrepreneurs hire a working-class white man to pretend to be the head of their business empire while they pose as a janitor and chauffeur.,120,23875,7.3
238,She Ball,Nick Cannon,"Rosa Acosta, K.D. Aubert, Delpha Baxter, Dj Bling","Comedy, Drama, Sport","She Ball follows the love of the game through the struggles of Avery Watts, who enlists the baddest women's streetball league in the city to help him save the embattled Inglewood Community ... See full summary »",97,242,2.6
239,The Turning,Floria Sigismondi,"Mackenzie Davis, Finn Wolfhard, Brooklynn Prince, Barbara Marten","Drama, Horror, Mystery","A young governess is hired to look after an orphaned girl, but the return of the girl's problematic brother uncovers secrets from their past. A modern take on Henry James' novella ""The Turn of the Screw.""",94,11409,3.8
240,De slag om de Schelde,Matthijs van Heijningen Jr.,"Gijs Blom, Jamie Flatters, Susan Radder, Jan Bijvoet","Drama, War","1944, the Second World War. A British glider pilot, a Dutch boy fighting on the German side and a Dutch female resistance member all end up involved in the Battle of the Scheldt. Their choices differ, but their goal is the same: freedom.",124,2268,7.5
241,The Stand In,Jamie Babbit,"Drew Barrymore, Sarah Jes Austell, Michael Zegen, T.J. Miller","Comedy, Drama",THE STAND-IN is the story of a disaffected comedy actress and her ambitious stand-in trading places.,101,2759,4.6
242,Clouds,Justin Baldoni,"Fin Argus, Neve Campbell, Sabrina Carpenter, Madison Iseman","Drama, Music","Young musician Zach Sobiech discovers his cancer has spread, leaving him just a few months to live. With limited time, he follows his dream and makes an album, unaware that it will soon be a viral music phenomenon.",121,8051,7.5
243,Ba bai,Hu Guan,"Zhi-zhong Huang, Zhang Junyi, Hao Ou, Xiaoguang Hu","Action, Drama, History","From the acclaimed filmmaker behind Mr. Six comes a riveting war epic. In 1937, eight hundred Chinese soldiers fight under siege from a warehouse in the middle of the Shanghai battlefield, completely surrounded by the Japanese army.",149,4074,6.8
244,Inheritance,Vaughn Stein,"Lily Collins, Simon Pegg, Connie Nielsen, Chace Crawford","Drama, Mystery, Thriller","The patriarch of a wealthy and powerful family suddenly passes away, leaving his daughter with a shocking secret inheritance that threatens to unravel and destroy the family.",111,10840,5.5
245,The Last Thing He Wanted,Dee Rees,"Anne Hathaway, Ben Affleck, Rosie Perez, Willem Dafoe","Crime, Drama, Thriller",A veteran D.C. journalist loses the thread of her own narrative when a guilt-propelled errand for her father thrusts her from byline to unwitting subject in the very story she's trying to break. Adapted from Joan Didion's namesake novel.,115,13905,4.3
246,Come Away,Brenda Chapman,"Gugu Mbatha-Raw, Carter Thomas, Ava Fillery, Jonathan Garcia","Adventure, Drama, Fantasy","When their eldest brother dies, Peter and Alice seek to save their parents from despair until they are forced to choose between home and imagination, setting the stage for their iconic journeys into Wonderland and Neverland.",94,4025,5.8
247,The Secret Garden,Marc Munden,"Dixie Egerickx, Richard Hansell, David Verrey, Tommy Gene Surridge","Drama, Family, Fantasy",An orphaned girl discovers a magical garden hidden at her strict uncle's estate.,99,7459,5.5
248,The Doorman,Ryûhei Kitamura,"Ruby Rose, Jean Reno, Aksel Hennie, Rupert Evans","Action, Drama, Thriller","A woman returns from combat and befriends a family in NYC. A gang of thieves plot to take the family's valuables, and she is all that stands between them and their lives.",97,4972,4.5
249,The Secrets We Keep,Yuval Adler,"Noomi Rapace, Joel Kinnaman, Chris Messina, Jackson Dean Vincent","Drama, Thriller","In post-WWII America, a woman, rebuilding her life in the suburbs with her husband, kidnaps her neighbor and seeks vengeance for the heinous war crimes she believes he committed against her.",97,4725,5.8
250,Concrete Cowboy,Ricky Staub,"Idris Elba, Caleb McLaughlin, Lorraine Toussaint, Jharrel Jerome",Drama,"Sent to live with his estranged father for the summer, a rebellious teen finds kinship in a tight-knit Philadelphia community of Black cowboys.",111,7350,6.3
251,The Night,Kourosh Ahari,"Shahab Hosseini, Niousha Noor, Leah Oganyan, George Maguire","Horror, Mystery, Thriller","An Iranian couple living in the US become trapped inside a hotel when insidious events force them to face the secrets that have come between them, in a night that never ends.",105,2074,5.5
252,Held,Travis Cluff,"Jill Awbrey, Bart Johnson, Travis Cluff, Zack Gold","Horror, Mystery, Thriller",A couple's ailing marriage is put to the test when they are held hostage in an isolated vacation rental by an unseen Voice that commands their every move.,94,1568,5.2
253,The Broken Hearts Gallery,Natalie Krinsky,"Geraldine Viswanathan, Dacre Montgomery, Utkarsh Ambudkar, Molly Gordon","Comedy, Romance","After a break-up, a young woman decides to start a gallery where people can leave trinkets from past relationships.",109,6003,6.3
254,Come True,Anthony Scott Burns,"Julia Sarah Stone, Landon Liboiron, Carlee Ryski, Christopher Heatherington","Horror, Sci-Fi",A teenage runaway takes part in a sleep study that becomes a nightmarish descent into the depths of her mind and a frightening examination of the power of dreams.,105,6040,5.9
255,The Last Days of American Crime,Olivier Megaton,"Neels Clasen, Edgar Ramírez, Tony Caprari, Kate Normington","Action, Crime, Drama","In the not-too-distant future, as a final response to terrorism and crime, the U.S. government plans to broadcast a signal making it impossible for anyone to knowingly commit unlawful acts.",148,10570,3.7
256,Black Box,Emmanuel Osei-Kuffour,"Mamoudou Athie, Phylicia Rashad, Amanda Christine, Tosin Morohunfola","Horror, Mystery, Sci-Fi","After losing his wife and his memory in a car accident, a single father undergoes an agonizing experimental treatment that causes him to question who he really is.",100,12014,6.2
257,Nocturne,Zu Quirke,"Sydney Sweeney, Madison Iseman, Jacques Colimon, Ivan Shaw","Horror, Mystery, Thriller",An incredibly gifted pianist makes a Faustian bargain to overtake her older sister at a prestigious institution for classical musicians.,90,6958,5.7
258,Black Bear,Lawrence Michael Levine,"Aubrey Plaza, Christopher Abbott, Sarah Gadon, Paola Lázaro","Comedy, Drama","A filmmaker at a creative impasse seeks solace from her tumultuous past at a rural retreat, only to find that the woods summon her inner demons in intense and surprising ways.",104,8326,6.6
259,Anything for Jackson,Justin G. Dyck,"Sheila McCarthy, Julian Richings, Konstantina Mantelos, Josh Cruddas",Horror,A bereaved Satanist couple kidnap a pregnant woman so they can use an ancient spellbook to put their dead grandson's spirit into her unborn child but end up summoning more than they bargained for.,97,5972,6.3
260,Persian Lessons,Vadim Perelman,"Nahuel Pérez Biscayart, Lars Eidinger, Jonas Nay, David Schütter","Drama, War",A young Jewish man pretends to be Iranian to avoid being executed in a concentration camp.,127,4671,7.4
261,A Fall from Grace,Tyler Perry,"Crystal Fox, Phylicia Rashad, Bresha Webb, Mehcad Brooks","Drama, Fantasy, Thriller","Disheartened since her ex-husband's affair, Grace Waters feels restored by a new romance. But when secrets erode her short-lived joy, Grace's vulnerable side turns violent.",120,13676,5.9
262,Follow Me,Will Wernick,"Keegan Allen, Holland Roden, Denzel Whitaker, Ronen Rubinstein","Adventure, Horror, Mystery","A social media personality travels with his friends to Moscow to capture new content for his successful VLOG. Always pushing the limits and catering to a growing audience, they enter a cold world of mystery, excess, and danger.",91,9165,5.4
263,Feral State,Jon Carlo,"AnnaLynne McCord, Ronnie Gene Blevins, Sif Saga, Octavio Pisano",Thriller,A misfit gang of runaways and orphans are taken in by a dark and charismatic father figure who together wreak havoc throughout swamps and trailer parks of central Florida.,84,2414,6.4
264,Son of the South,Barry Alexander Brown,"Lucas Till, Jim Klock, Michael Sirow, Jake Abel","Biography, Drama","The true story of one young white Southerner in the Summer of 1961, caught in a place and time where he had to choose which side he was on.",105,937,5.8
265,Chemical Hearts,Richard Tanne,"Lili Reinhart, Austin Abrams, Sarah Jones, Adhir Kalyan","Drama, Romance",A high-school transfer student finds a new passion when she begins to work on the school's newspaper.,93,10638,6.3
266,Resistance,Jonathan Jakubowicz,"Jesse Eisenberg, Clémence Poésy, Matthias Schweighöfer, Félix Moati","Biography, Drama, History",The story of mime Marcel Marceau as he works with a group of Jewish boy scouts and the French Resistance to save the lives of ten thousand orphans during World War II.,120,5773,6.4
267,Never Rarely Sometimes Always,Eliza Hittman,"Sidney Flanigan, Talia Ryder, Théodore Pellerin, Eliazar Jimenez",Drama,A pair of teenage girls in rural Pennsylvania travel to New York City to seek out medical help after an unintended pregnancy.,101,23315,7.4
268,001LithiumX,Guy Moshe,"Juliet Aubrey, Anna Brewster, Gabrielle Cassi, James D'Arcy","Drama, Sci-Fi, Thriller",A fatally ill man tries to secure the future of his family in a world where the toxicity of the sun forces people to stay inside during the daytime.,103,1300,4.9
269,Post Mortem,Péter Bergendy,"Viktor Klem, Fruzsina Hais, Judit Schell, Andrea Ladányi","Horror, Mystery, Thriller",A post mortem photographer and a little girl confront ghosts in a haunted village after the First World War.,115,511,6
270,Poster Boys,Dave Minogue,"Trevor O'Connell, Ryan Minogue-Lee, Norma Sheahan, Amy Hughes","Comedy, Drama","With the help of his smart ass kid nephew, broke Al Clancy steals a camper-van and heads on a cross country road trip to finally get his life together.",87,132,5.4
271,The One and Only Ivan,Thea Sharrock,"Sam Rockwell, Bryan Cranston, Phillipa Soo, Chaka Khan","Adventure, Comedy, Drama",A gorilla named Ivan tries to piece together his past with the help of an elephant named Ruby as they hatch a plan to escape from captivity.,95,11158,6.6
272,L'incredibile storia dell'Isola delle Rose,Sydney Sibilia,"Elio Germano, Leonardo Lidi, Matilda De Angelis, Tom Wlaschiha","Adventure, Comedy, Drama","An idealistic engineer builds his own island off the Italian coast and declares it a nation, drawing the world's attention. Values are tested when the Italian Government declares him an enemy, but to change the world risks must be taken.",117,16749,7
273,Caveat,Damian Mc Carthy,"Ben Caplan, Jonathan French, Leila Sykes, Inma Pavon","Horror, Thriller",A lone drifter suffering from partial memory loss accepts a job to look after a psychologically troubled woman in an abandoned house on an isolated island.,88,2356,5.9
274,The Block Island Sound,Kevin McManus,"Chris Sheffield, Michaela McManus, Neville Archambault, Ryan O'Flanagan","Horror, Mystery, Sci-Fi","Something lurks off the coast of Block Island, silently influencing the behavior of fisherman, Tom Lynch. After suffering a series of violent outbursts, he unknowingly puts his family in grave danger.",99,6258,5.3
275,The Half of It,Alice Wu,"Leah Lewis, Daniel Diemer, Alexxis Lemire, Wolfgang Novogratz","Comedy, Drama, Romance","When smart but cash-strapped teen Ellie Chu agrees to write a love letter for a jock, she doesn't expect to become his friend - or fall for his crush.",104,32202,6.9
276,The Sleepover,Trish Sie,"Sadie Stanley, Maxwell Simkins, Cree Cicchino, Lucas Jaye","Action, Adventure, Comedy","When two siblings discover their seemingly normal mom is a former thief in witness protection who has been forced to pull one last job, they team up to rescue her over the course of an action-packed night.",100,9276,5.7
277,The Killing of Two Lovers,Robert Machoian,"Clayne Crawford, Sepideh Moafi, Chris Coy, Avery Pizzuto",Drama,David desperately tries to keep his family of six together during a separation from his wife. They both agree to see other people but David struggles to grapple with his wife's new relationship.,85,2243,7
278,Shirley,Josephine Decker,"Elisabeth Moss, Odessa Young, Michael Stuhlbarg, Logan Lerman","Biography, Drama, Mystery",A famous horror writer finds inspiration for her next book after she and her husband take in a young couple.,107,10112,6.1
279,Girl,Chad Faust,"Bella Thorne, Emma-Leigh Cullum, Elizabeth Saunders, Michael Lipka",Thriller,"A young woman returns to her small hometown intent on killing her abusive father only to discover someone murdered him the day before. As the girl searches for answers, she uncovers a family legacy more dangerous than she'd imagined.",92,2278,4.9
280,The Man Who Sold His Skin,Kaouther Ben Hania,"Yahya Mahayni, Dea Liane, Koen De Bouw, Monica Bellucci",Drama,"His own body turned into a living work of art and promptly exhibited in a museum, Sam, a Syrian refugee, will soon realize to have sold away more than just his skin.",104,3600,7
281,The Very Excellent Mr. Dundee,Dean Murphy,"Dorothy Adams, Trudy Ager, Simone Annan, Kerry Armstrong",Comedy,Paul Hogan is reluctantly thrust back into the spotlight as he desperately attempts to restore his sullied reputation on the eve of being knighted.,88,1451,4.9
282,Mortal,André Øvredal,"Nat Wolff, Priyanka Bose, Iben Akerlie, Arthur Hakalahti","Action, Adventure, Drama",Fantasy adventure origin story about a young man discovering he has God-like powers based on ancient Norwegian mythology.,104,7524,6
283,Vtorzhenie,Fedor Bondarchuk,"Irina Starshenbaum, Rinal Mukhametov, Alexander Petrov, Yuriy Borisov","Action, Sci-Fi","With the fall of the alien ship Julia's life changed, now three years later mankind is about to experience new encounter.",134,4320,5.6
284,Mignonnes,Maïmouna Doucouré,"Fathia Youssouf, Médina El Aidi-Azouni, Esther Gohourou, Ilanah Cami-Goursolas",Drama,"Amy, an 11-year-old girl, joins a group of dancers named ""the cuties"" at school, and rapidly grows aware of her burgeoning femininity - upsetting her mother and her values in the process.",96,29002,3.2
285,Dinner in America,Adam Rehmeier,"Kyle Gallner, Yancey Fuqua, Jennifer Kincer, Hannah Marks","Comedy, Drama, Music",An on-the-lam punk rocker and a young woman obsessed with his band unexpectedly fall in love and go on an epic journey together through America's decaying Midwestern suburbs.,106,1294,7.2
286,Boys from County Hell,Chris Baugh,"Jack Rowan, Nigel O'Neill, Louisa Harland, Michael Hough","Comedy, Horror","A crew of hardy road workers, led by a bickering Father and Son, must survive the night when they accidentally awaken an ancient Irish vampire.",88,2304,6
287,Her Name Was Christa,James L. Edwards,"Shianne Daye, James L. Edwards, Drew Fortier, Rick Jermain","Horror, Romance, Thriller","Stephen is a socially awkward, middle aged telemarketer and is desperately alone. At the suggestion of Nick, a co-worker, he goes out into the night to find a prostitute for ""The Girlfriend... See full summary »",119,2078,4.5
288,Nneka the Pretty Serpent,Zeb Ejiro,"Onikosi Bukola Abisoye, Bimbo Ademoye, Olamide Afolabi, Rosemary Afuwape","Horror, Mystery","When her parents are murdered, Nneka encounters the Queen of the Coast who offers to help her in revealing the identities of people who killed her parents. This changes the course of her life as she sets out on a mission of revenge.",140,69,4.8
289,Dil Bechara,Mukesh Chhabra,"Sushant Singh Rajput, Sanjana Sanghi, Sahil Vaid, Saswata Chatterjee","Comedy, Drama, Romance","The emotional journey of two hopelessly in love youngsters, a young girl, Kizie, suffering from cancer, and a boy, Manny, whom she meets at a support group.",101,123751,8.1
290,Tesla,Michael Almereyda,"Ethan Hawke, Eve Hewson, Eli A. Smith, Josh Hamilton","Biography, Drama","A freewheeling take on visionary inventor Nikola Tesla, his interactions with Thomas Edison and J.P. Morgan's daughter Anne, and his breakthroughs in transmitting electrical power and light.",102,7750,5
291,Death of Me,Darren Lynn Bousman,"Maggie Q, Luke Hemsworth, Alex Essoe, Kat Ingkarat","Horror, Mystery, Thriller",A vacationing couple must discover the mystery behind a strange video that shows one of them killing the other.,94,5185,4.4
292,I'm Your Woman,Julia Hart,"Rachel Brosnahan, Marsha Stephanie Blake, Arinzé Kene, Jameson Charles","Crime, Drama","In this 1970s set crime drama, a woman is forced to go on the run after her husband betrays his partners, sending her and her baby on a dangerous journey.",120,7820,6.2
293,Little Fish,Chad Hartigan,"Olivia Cooke, Jack O'Connell, Soko, Raúl Castillo","Drama, Romance, Sci-Fi",A couple fights to hold their relationship together as a memory loss virus spreads and threatens to erase the history of their love and courtship.,101,2921,6.9
294,Nuevo orden,Michel Franco,"Naian González Norvind, Fernando Cuautle, Diego Boneta, Samantha Yazareth Anaya",Drama,A lavish high-society wedding unexpectedly turns into a class struggle that leads to a violent coup.,86,4754,6.4
295,The 2nd,Brian Skiba,"Ryan Phillippe, Casper Van Dien, Jack Griffo, Lexi Simonsen","Action, Drama",An Army Delta Force officer is late picking up his son at college. His son and a Supreme Court Justice's daughter are the last there. A gang of terrorists are there to abduct her and force her dad's hand on a Second Amendment vote.,93,7985,3.8
296,Mortal Kombat Legends: Scorpion's Revenge,Ethan Spaulding,"Jennifer Carpenter, Joel McHale, Ike Amadi, Steve Blum","Animation, Action, Adventure",Hanzo Hasashi loses his family during an attack by a rival clan the Lin Kuei. He is given the chance to compete in an inter-dimensional tournament to save his loved ones while other fighters try to save the Earth realm from annihilation.,80,15279,7.5
297,Target Number One,Daniel Roby,"Antoine Olivier Pilon, Josh Hartnett, Stephen McHattie, Jim Gaffigan","Crime, Thriller","In 1989, a Canadian journalist investigates the circumstances surrounding the suspicious arrest of a heroin addict imprisoned in a Thai jail.",125,4012,6.1
298,Tigers,Ronnie Sandahl,"Alfred Enoch, Frida Gustavsson, Liv Mjönes, Erik Enge",Drama,"The true story of teenage football talent Martin Bengtsson's life-and-death journey through a modern-day football industry where everything, and everyone, has a price tag.",116,347,7
299,The Boys in the Band,Joe Mantello,"Jim Parsons, Zachary Quinto, Matt Bomer, Andrew Rannells",Drama,"At a birthday party in 1968 New York, a surprise guest and a drunken game leave seven gay friends reckoning with unspoken feelings and buried truths.",121,13573,6.8
300,Paper Tiger,Paul Kowalski,"Lydia Look, Alan Trong, Elaine Kao, Seth Numrich","Drama, Thriller",An immigrant mother fears her mentally-ill teenaged son is turning into a school shooter.,94,86,6.3
301,"Love, Weddings & Other Disasters",Dennis Dugan,"Maggie Grace, Diane Keaton, Jeremy Irons, Todd Stashwick","Comedy, Romance","It is a multi-story romantic comedy about the people who work on weddings to create the perfect day for a loving couple - while their own relationships are outlandish, odd, crazy and far from perfect.",96,1420,5
302,Night in Paradise,Park Hoon-jung,"Tae-goo Eom, Jeon Yeo-bin, Seung-Won Cha, Dong-in Cho","Action, Crime, Drama","Hiding out in Jeju Island following a brutal tragedy, a wronged mobster with a target on his back connects with a woman who has her own demons.",131,5057,6.7
303,Herself,Phyllida Lloyd,"Molly McCann, Clare Dunne, Ruby Rose O'Hara, Ian Lloyd Anderson",Drama,A young mother escapes her abusive husband and fights back against a broken housing system. She sets out to build her own home and in the process rebuilds her life and re-discovers herself.,97,2438,7
304,The Owners,Julius Berg,"Maisie Williams, Sylvester McCoy, Rita Tushingham, Jake Curran","Comedy, Crime, Horror","A group of friends think they find an easy score at an empty house with a safe full of cash. But when the owners, an elderly couple, come home early, the tables are suddenly turned.",92,6302,4.9
305,Cider no yô ni kotoba ga wakiagaru,Kyohei Ishiguro,"Somegorô Ichikawa, Hana Sugisaki, Kimberley Wong, Victoria Grace","Animation, Drama, Music","A meeting and romance starts between two people with communication issues - a boy who wears headphones and uses haiku poems, and a shy girl who wears a mask and only does online videos.",87,1697,6.9
306,The Glorias,Julie Taymor,"Julianne Moore, Alicia Vikander, Janelle Monáe, Ryan Kiera Armstrong","Biography, Drama, History","The story of feminist icon Gloria Steinem's itinerant childhood and its influence on her life as a writer, activist and organizer for women's rights worldwide.",147,2752,5.6
307,To All the Boys: P.S. I Still Love You,Michael Fimognari,"Lana Condor, Noah Centineo, Jordan Fisher, Anna Cathcart","Comedy, Drama, Romance",Lara Jean and Peter have just taken their relationship from pretend to officially official when another recipient of one of her old love letters enters the picture.,101,33351,6
308,Unpregnant,Rachel Lee Goldenberg,"Haley Lu Richardson, Barbie Ferreira, Giancarlo Esposito, Alex MacNicoll","Comedy, Drama","A 17-year old Missouri teen named Veronica discovers she has gotten pregnant, a development that threatens to end her dreams of matriculating at an Ivy League college, and the career that will follow.",103,6192,6.3
309,Like a Boss,Miguel Arteta,"Tiffany Haddish, Rose Byrne, Salma Hayek, Karan Soni",Comedy,Two friends with very different ideals start a beauty company together. One is more practical while the other wants to earn her fortune and live a lavish lifestyle.,83,12132,4.6
310,Al morir la matinée,Maximiliano Contenti,"Ricardo Islas, Luciana Grasso, Franco Duran, Julieta Spinelli",Horror,It's a soaking wet day with rain pouring down and one of the best things to do is to go seek refuge in a great old cinema. There's just one problem: a murderer is on the loose and he also has taken refuge there.,88,749,5.8
311,My Heart Can't Beat Unless You Tell It To,Jonathan Cuartas,"Patrick Fugit, Ingrid Sophie Schram, Owen Campbell, Moises L. Tovar","Drama, Horror",Two mysterious siblings find themselves at odds over care for their frail and sickly younger brother.,90,913,6
312,2050,Princeton Holt,"David Vaughn, Irina Abraham, Devin Fuller, Dean Cain","Drama, Fantasy, Sci-Fi",A family man struggling to hold it all together discovers a hidden parlor that offers a solution...sexbots.,106,773,3.6
313,Das schaurige Haus,Daniel Prochaska,"Lizbeth Eden, Marii Weichsler, Julia Koschitz, Leon Orlandianyi","Horror, Mystery, Thriller","Hendrik is sixteen, a big city kid, and vexed to learn that his mother is moving with him and his little brother Eddi to a village in the south of Austria. To make matters worse, the locals... See full summary »",100,2962,5.4
314,Joze to tora to sakanatachi,Kôtarô Tamura,"Kaya Kiyohara, Taishi Nakagawa, Matsutera Chiemi, Kengo Kawanishi","Animation, Drama, Romance",Tsuneo is a university student and Josee is a young girl who has rarely gone out of the house by herself due to her being unable to walk. The two meet when Tsuneo finds Josee's grandmother taking her out for a evening walk.,99,1586,8
315,Secret Society of Second-Born Royals,Anna Mastro,"Peyton Elizabeth Lee, Niles Fitch, Isabella Blake-Thomas, Olivia Deeble","Action, Adventure, Comedy",Follows Sam's adventures at a top-secret training program for a new class of second-born royals tasked with saving the world.,99,4553,4.9
316,The Willoughbys,Kris Pearn,"Will Forte, Maya Rudolph, Alessia Cara, Terry Crews","Animation, Adventure, Comedy","Convinced they'd be better off raising themselves, the Willoughby children hatch a sneaky plan to send their selfish parents on vacation. The siblings then embark on their own high-flying adventure to find the true meaning of family.",90,16213,6.4
317,Feel the Beat,Elissa Down,"Sofia Carson, Pamela MacDonald, Sonia Laplante, Nayo","Comedy, Drama, Family","After failing to find success on Broadway, April returns to her hometown and reluctantly is recruited to train a misfit group of young dancers for a big competition.",109,9653,6.3
318,Bleed with Me,Amelia Moses,"Lee Marshall, Lauren Beatty, Aris Tyros","Horror, Thriller","During a winter getaway at an isolated cabin, a self-destructive young woman becomes convinced that her best friend is stealing her blood.",80,416,3.9
319,Sightless,Cooper Karl,"Madelaine Petsch, Alexander Koch, Deniz Akdeniz, Matthew Yang King","Drama, Thriller","After an attack renders her blind, Ellen Ashland withdraws from the world to recover. But soon she plunges into paranoia, unable to convince anyone that her assailant has returned to terrorize her by hiding in plain sight.",89,6913,5.5
320,Bigfoot Family,Jeremy Degruson,"Jules Medcraft, Kylian Trouillard, Alexis Victor, Marie Chevalot","Animation, Adventure, Family","Follow up to Son of Bigfoot: Father uses his new fame to fight against an Alaska oil company but when he disappears the son, the mother, a raccoon and a bear head North to rescue him.",89,2220,5.8
321,Kimetsu no Yaiba: Natagumo Yama Hen,Haruo Sotozaki,NA,"Animation, Action, Fantasy",Tanjiro teams up with Zenitsu and Inosuke to investigate missing person cases on the mountain Natagumo. They slowly begin to realize the entire mountain is being controlled by a family of Demon spider creatures.,138,1001,8.7
322,The Last Champion,Glenn Withrow,"Cole Hauser, Sean H. Scully, Annika Marks, Randall Batinkoff","Drama, Family, Sport","When his mother dies, scandal-ridden ex-Olympian John Wright returns to a hometown that has not forgiven him.",122,392,7.1
323,Monday,Argyris Papadimitropoulos,"Denise Gough, Sebastian Stan, Yorgos Pirpassopoulos, Michalis Laios","Drama, Romance","A spark on a Friday can lead to a sizzling weekend fling, but what happens when you get to the inevitable Monday?",116,2923,6.1
324,El robo del siglo,Ariel Winograd,"Guillermo Francella, Diego Peretti, Luis Luque, Pablo Rago","Action, Biography, Comedy","In 2006, a group of thieves performed what is considered one of the most famous and smart bank heists in the history of Argentina when they rob the Banco Río branch in Acassuso.",114,6330,7.2
325,Arkansas,Clark Duke,"Liam Hemsworth, Jacob Zachar, Patrick Muldoon, Clark Duke","Crime, Thriller","Kyle and Swin live by the orders of an Arkansas-based drug kingpin named Frog, whom they've never met. But when a deal goes horribly wrong, the consequences are deadly.",117,10952,6
326,Sublet,Eytan Fox,"John Benjamin Hickey, Niv Nissim, Lihi Kornowski, Miki Kam","Comedy, Drama, Romance",A New York Times travel writer comes to Tel Aviv after suffering a tragedy. The energy of the city and his relationship with a younger man brings him back to life.,89,1289,6.9
327,The Lost Husband,Vicky Wight,"Leslie Bibb, Josh Duhamel, Nora Dunn, Herizen F. Guardiola","Drama, Romance","Trying to put her life back together after her husband's death, Libby and her children move to her estranged aunt's goat farm in central Texas.",109,4141,6.1
328,Adieu les cons,Albert Dupontel,"Virginie Efira, Albert Dupontel, Nicolas Marié, Jackie Berroyer","Comedy, Drama",A seriously-ill woman tries to find her long-lost child with the help of a man in the middle of a burnout and a blind archivist.,87,2713,7
329,Black Beauty,Ashley Avis,"Kate Winslet, Mackenzie Foy, Iain Glen, Calam Lynch","Drama, Family",A wild horse and a teenage girl forge an unbreakable bond which keeps them connected for a lifetime.,110,3015,6.4
330,Gabriel's Inferno: Part One,Tosca Musk,"Melanie Zanetti, Giulio Berruti, James Andrew Fraser, Margaux Brooke",Romance,"An intriguing exploration of seduction, forbidden love, and redemption, a captivating and passionate tale of one man's escape from his own personal hell as he tries to earn the impossible: forgiveness and love.",124,2544,6.3
331,The Call,Timothy Woodward Jr.,"Lin Shaye, Tobin Bell, Chester Rushing, Erin Sanders","Horror, Thriller","In the fall of 1987, a group of small-town friends must survive the night in the home of a sinister couple after a tragic accident brings them to the couple's door.",97,3445,4.2
332,Unearth,John C. Lyons,"Adrienne Barbeau, Marc Blucas, Allison McAtee, Brooke Sorenson","Drama, Horror","A fracking horror story, ""Unearth"" follows two neighboring farm families whose relationships are strained when one of them chooses to lease their land to an oil and gas company. In the ... See full summary »",94,759,5.1
333,Hogar,David Pastor,"Javier Gutiérrez, Mario Casas, Bruna Cusí, Ruth Díaz","Adventure, Drama, Thriller","Javier Muñoz, once a successful executive, makes the fateful decision to leave his home, which he and his family can no longer afford.",103,15693,6.4
334,W lesie dzis nie zasnie nikt,Bartosz M. Kowalski,"Julia Wieniawa-Narkiewicz, Michal Lupa, Wiktoria Gasiewska, Stanislaw Cywka","Horror, Thriller",A group of technology-dependent teenagers goes to offline camp and faces a deadly danger lurking in the woods.,102,8550,4.8
335,Godmothered,Sharon Maguire,"June Squibb, Jillian Bell, Sonia Manzano, Carlease Burke","Comedy, Drama, Family",A young and unskilled fairy godmother ventures out on her own to prove her worth by tracking down a young girl whose request for help was ignored.,110,10792,6.1
336,Brahms: The Boy II,William Brent Bell,"Katie Holmes, Christopher Convery, Owain Yeoman, Ralph Ineson","Drama, Horror, Mystery","After a family moves into the Heelshire Mansion, their young son soon makes friends with a life-like doll called Brahms.",86,14301,4.7
337,"Love, Guaranteed",Mark Steven Johnson,"Rachael Leigh Cook, Damon Wayans Jr., Heather Graham, Caitlin Howden","Comedy, Romance","To save her small law firm, earnest lawyer Susan takes a high-paying case from Nick, a charming new client who wants to sue a dating website that guarantees love. But as the case heats up, so do Susan and Nick's feelings for each other.",90,15559,5.6
338,Ludo,Anurag Basu,"Pankaj Tripathi, Abhishek Bachchan, Rajkummar Rao, Fatima Sana Shaikh","Action, Comedy, Crime","From a resurfaced sex tape to a rogue suitcase of money, four wildly different stories overlap at the whims of fate, chance and one eccentric criminal.",150,35466,7.6
339,Work It,Laura Terruso,"Keiynan Lonsdale, Liza Koshy, Briana Andrade-Gomes, Kalliane Brémault","Comedy, Music","When Quinn Ackerman's admission to the college of her dreams depends on her performance at a dance competition, she forms a ragtag group of dancers to take on the best squad in school...now she just needs to learn how to dance.",93,11353,6.1
340,Intersect,Gus Holwerda,"James Morrison, Richard Dawkins, Jason Spisak, Abe Ruthless","Horror, Sci-Fi, Thriller","A group of young Miskatonic University scientists invent a time machine, only to learn that they are being manipulated by mysterious, unseen forces from another dimension.",119,3502,3.8
341,The Return,BJ Verot,"Richard Harmon, Echo Andersson, Sara Thompson, Marina Stephenson Kerr","Horror, Sci-Fi","After the death of his father, a brilliant college student returns to his family home where he learns that the horrors from his childhood aren't as dead and gone as he once thought.",90,193,4
342,Last Moment of Clarity,Colin Krisel,"Zach Avery, Brian Cox, Udo Kier, Samara Weaving",Thriller,"Three years after witnessing the murder of his fiancée, a man finds himself a fearful drifter, until one day at a Parisian cinema he sees an actress who looks a lot like his dead love, and eventually he finds the truth about his fiancée.",90,2085,5.2
343,Sister of the Groom,Amy Miller Gross,"Alicia Silverstone, Mathilde Ollivier, Jake Hoffman, Tom Everett Scott","Comedy, Drama, Romance","On Audrey's 40th birthday, her brother is marrying a girl he met in France. Secrets are revealed prior to the wedding. Audrey and the young, French fiancee do NOT get along.",92,490,4.6
344,Stargirl,Julia Hart,"Grace VanderWaal, Graham Verchere, Giancarlo Esposito, Maximiliano Hernández","Comedy, Drama, Fantasy","An unassuming high schooler finds himself inexplicably drawn to the free-spirited new girl, whose unconventional ways change how they see themselves - and each other.",107,4714,6.2
345,Downhill,Nat Faxon,"Julia Louis-Dreyfus, Will Ferrell, Zach Woods, Zoe Chao","Comedy, Drama","Barely escaping an avalanche during a family ski vacation in the Alps, a married couple is thrown into disarray as they are forced to reevaluate their lives and how they feel about each other.",86,11064,4.9
346,Here Are the Young Men,Eoin Macken,"Dean-Charles Chapman, Finn Cole, Anya Taylor-Joy, Ferdia Walsh-Peelo",Drama,"Dublin teenagers Matthew, nihilistic Rez, and the deranged Kearney, leave school to a social vacuum of drinking and drugs, falling into shocking acts of transgression.",96,674,4.9
347,Rams,Jeremy Sims,"Sam Neill, Michael Caton, Wayne Blair, Kipan Rothbury","Comedy, Drama",A decades-long feud between two sheep farming brothers comes to a head when disaster strikes their flocks.,118,1924,6.4
348,Hard Kill,Matt Eskandari,"Jesse Metcalfe, Bruce Willis, Lala Kent, Natalie Eva Marie","Action, Thriller","The work of billionaire tech CEO Donovan Chalmers (Willis) is so valuable that he hires mercenaries to protect it, and a terrorist group kidnaps his daughter just to get it.",98,19189,3.3
349,Infamous,Joshua Caldwell,"Bella Thorne, Jake Manley, Amber Riley, Michael Sirow","Crime, Drama, Romance","Two young lovers rob their way across the southland, posting their exploits to social media, and gaining fame and followers as a result.",100,2683,4.2
350,Chal Mera Putt 2,Janjot Singh,"Amrinder Gill, Simi Chahal, Nasir Chinyoti, Garry Sandhu",Drama,"Friendship and love between illegal immigrants struggling and facing challenges. Showing us that when it comes to the struggle of life, no border can divide human hearts and the love inside.",124,2596,9.2
351,Mila,Christos Nikou,"Aris Servetalis, Sofia Georgovassili, Anna Kalaitzidou, Argyris Bakirtzis","Comedy, Drama, Sci-Fi","Amidst a worldwide pandemic that causes sudden amnesia, middle-aged Aris finds himself enrolled in a recovery program designed to help unclaimed patients build new identities.",91,2379,6.9
352,1 Night in San Diego,Penelope Lawson,"Jenna Ushkowitz, Donna Pieroni, Laura Ashley Samuels, Brian Borello",Comedy,A former reality star and her best friend are invited to San Diego for a weekend getaway.,85,378,3.5
353,Bloodthirsty,Amelia Moses,"Lauren Beatty, Greg Bryk, Katharine King So, Judith Buchan","Horror, Thriller",Grey is an indie singer who is having visions that she is a wolf. When she gets an invitation to work with notorious music producer Vaughn Daniels at his remote studio in the woods she begins to find out who she really is.,84,750,4.7
354,Equal Standard,Brendan Kyle Cochrane,"Ice-T, Taheim Bryan, Jules Willcox, Marc John Jefferies","Action, Crime","New York City police officers lives collide in interweaving stories of race, rank, loss, and betrayal.",101,388,4.7
355,Four Kids and It,Andy De Emmony,"Teddie-Rose Malleson-Allen, Pippa Haywood, Matthew Goode, Ashley Aufderheide","Family, Fantasy",A group of kids on holiday in Cornwall meet a magical creature on the beach with the power to grant wishes.,110,1271,5.1
356,Ayyappanum Koshiyum,Sachy,"Biju Menon, Prithviraj Sukumaran, Ranjith, Anil Nedumangad","Action, Drama, Thriller","The story revolves around the clash between Ayyappan, a senior police officer who serves at the Attappadi Police Station and Havildar Koshi, who comes to the village with a motive.",177,5958,8
357,Shorta,Frederik Louis Hviid,"Jacob Lohmann, Simon Sears, Tarek Zayat, Dulfi Al-Jabouri","Action, Crime, Drama","Jens and Mike, two police officers on routine patrol, find themselves trapped in a maze of buildings when unrest spreads.",108,4102,6.5
358,My Salinger Year,Philippe Falardeau,"Margaret Qualley, Sigourney Weaver, Douglas Booth, Seána Kerslake",Drama,"A college grad takes a clerical job working for the literary agent of the renowned, reclusive writer J.D. Salinger.",101,2270,6.4
359,The Last Shift,Andrew Cohn,"Richard Jenkins, Shane Paul McGhie, Da'Vine Joy Randolph, Ed O'Neill","Comedy, Drama",Stanley's last shift at his fast food job takes an unexpected turn when he befriends a young African-American work employee.,90,1803,5.6
360,Retreat to Paradise,Brian Brough,"Melanie Stone, Casey Elliott, Brian Krause, Jaclyn Hales",Romance,"Ellie tends to the injured and cantankerous Jordan as he heals from a shoulder injury. Though he struggles to learn to use his arm again, his attitude leaves Ellie wanting to leave him in ... See full summary »",88,318,6.1
361,What Breaks the Ice,Rebecca Eskreis,"Madelyn Cline, Lukas Gage, Shakira Barrera, Sofia Hublitz",Drama,"Two teenage girls who come from different worlds strike up a quick and deep friendship during summer break in 1998, set against the backdrop of a world consumed by the Monica Lewinsky scandal.",99,29,7.4
362,Books of Blood,Brannon Braga,"Britt Robertson, Freda Foh Shen, Nicholas Campbell, Anna Friel","Drama, Horror, Mystery",A journey into uncharted and forbidden territory through three tales tangled in space and time.,107,5466,5.6
363,The Reckoning,Neil Marshall,"Charlotte Kirk, Sean Pertwee, Steven Waddington, Joe Anderson","Drama, Horror","Grace, a young widow haunted by the recent suicide of her husband Joseph, is falsely accused of being a witch by her Landlord after she rejects his advances.",110,2282,4.7
364,El practicante,Carles Torras,"Mario Casas, Déborah François, Guillermo Pfening, Maria Rodríguez Soto","Action, Adventure, Crime","Angel works in an ambulance service. After a tragic accident, his personal life begins to deteriorate as he becomes more and more suspicious of his partner Vane.",94,10683,5.6
365,Big House,Jack Lawrence Mayer,"Paige Collins, Albert Huber, Jacob Hurwitz-Goodman, Michael Molina","Comedy, Drama","Two sisters, two boyfriends, one simple birthday weekend getaway. Or it would have been, if not for the threesome, the love affair, the unexpected arrival of a fiancé, and the ensuing ... See full summary »",84,43,4.8
366,Sergio,Greg Barker,"Wagner Moura, Ana de Armas, Brían F. O'Byrne, Bradley Whitford","Biography, Drama, History","A sweeping drama set in the chaotic aftermath of the US invasion of Iraq, where the life of top UN diplomat Sergio Vieira de Mello hangs in the balance during the most treacherous mission of his career.",118,9007,6.1
367,Echo Boomers,Seth Savoy,"Michael Shannon, Patrick Schwarzenegger, Alex Pettyfer, Hayley Law","Action, Crime, Drama","Based on a true story, five college graduates decide the best way to get back at the unfair economy and live the life they've always wanted is to steal from Chicago's richest and give to themselves.",94,7130,6.1
368,The F**k-It List,Michael Duggan,"Eli Brown, Madison Iseman, Marcus Scribner, Karan Brar",Comedy,"After a prank blows up on a high school senior's life, he shares a list of certain things he wishes he'd done differently.",103,5298,5.1
369,Kadaver,Jarand Herdal,"Gitte Witt, Thomas Gullestad, Thorbjørn Harr, Maria Grazia Di Meo","Drama, Horror, Thriller","In the starving aftermath of a nuclear disaster, a family of three attends a charitable event at a hotel, which takes a dark turn when people start to disappear.",86,8355,5.1
370,The Unhealer,Martin Guigui,"Lance Henriksen, Elijah Nelson, Shelby Janes, Kayla Carlson","Horror, Sci-Fi, Thriller","A botched faith healing bestows supernatural Shaman powers on a bullied teenager. When his lifelong tormentors pull a prank that kills someone he loves, he uses his powers for revenge and goes on a bloody rampage to settle the score.",94,603,4.6
371,The Lovebirds,Michael Showalter,"Issa Rae, Kumail Nanjiani, Paul Sparks, Anna Camp","Action, Comedy, Crime",A couple (Issa Rae and Kumail Nanjiani) experiences a defining moment in their relationship when they are unintentionally embroiled in a murder mystery.,86,23557,6.1
372,Don't Tell a Soul,Alex McAulay,"Jack Dylan Grazer, Fionn Whitehead, Rainn Wilson, Mena Suvari","Drama, Thriller","Two thieving teenage brothers, stealing money to help their sick mom, match wits with a troubled security guard stuck at the bottom of a forgotten well.",83,3204,5.9
373,Still the Water,Susan Rodgers,"Ry Barrett, Colin Price, Spencer Graham, Christina McInulty",Drama,The men in a broken family reunite many years after a domestic tragedy drives them apart.,100,77,5.6
374,The Swing of Things,Matt Shapira,"Chord Overstreet, Olivia Culpo, Luke Wilson, Aleksander Vayshelboym",Comedy,A groom-to-be accidentally books his destination wedding and honeymoon at a swingers resort in Jamaica.,93,1301,2.9
375,A Nice Girl Like You,Chris Riedell,"Lucy Hale, Stormi Maya, Jackie Cruz, Mindy Cohn","Comedy, Romance","After being accused of being too inhibited by her ex-boyfriend, a violinist creates a rather wild to-do list that sends her on a whirlwind journey of self-discovery.",94,3623,5.1
376,Bronx,Olivier Marchal,"Lannick Gautry, Stanislas Merhar, Kaaris, David Belle","Action, Crime, Drama","Caught in the cross hairs of police corruption and Marseille's warring gangs, a loyal cop must protect his squad by taking matters into his own hands.",116,7700,6.1
377,Hard Luck Love Song,Justin Corsbie,"Michael Dorman, Sophia Bush, Dermot Mulroney, RZA","Drama, Music, Romance",A gritty love story about a charismatic but down-on-his-luck troubadour living out of cheap motels and making bad decisions.,104,42,8.4
378,Dangerous Lies,Michael M. Scott,"Nick Purcha, Carlos Joe Costa, Camila Mendes, Briana Skye","Drama, Mystery, Thriller","When a wealthy elderly man dies and unexpectedly leaves his estate to his new caregiver, she's drawn into a web of deception and murder. If she's going to survive, she'll have to question everyone's motives - even the people she loves.",96,15583,5.3
379,Save Yourselves!,Alex Huston Fischer,"Sunita Mani, John Reynolds, Ben Sinclair, John Early","Adventure, Comedy, Sci-Fi","A young Brooklyn couple heads to an upstate cabin to unplug from their phones and reconnect with each other. Blissfully unaware of their surroundings, they are left to their own devices as the planet falls under attack.",93,5777,5.8
380,Bruised,Halle Berry,"Halle Berry, Stephen McKinley Henderson, Adan Canto, Shamier Anderson","Drama, Sport",A disgraced MMA fighter finds redemption in the cage and the courage to face her demons when the son she had given up as an infant unexpectedly reenters her life.,129,58,6.8
381,Yakuza and the Family,Michihito Fujii,"Gô Ayano, Naoyuki Fernandez, Hayato Ichihara, Hayato Isomura","Crime, Drama","Kenji Yamamoto's father died from using a stimulant drug. His life fell into desperation. Kenji then joined a crime syndicate. There, he meets the gang's boss Hiroshi Shibasaki. Hiroshi ... See full summary »",136,1439,7
382,Cut Throat City,RZA,"Shameik Moore, Demetrius Shipp Jr., Denzel Whitaker, Keean Johnson","Action, Crime, Drama","Set after Hurricane Katrina, four boyhood friends out of options reluctantly accept an offer to pull off a dangerous heist in the heart of New Orleans.",123,2169,4.8
383,Guest House,Sam Macaroni,"Pauly Shore, Mike Castle, Aimee Teegarden, Billy Zane",Comedy,"An newly engaged couple's buys their dream house but it comes with one small catch, a perennial party animal who lives in the guesthouse.",84,1812,4.4
384,Survive the Night,Matt Eskandari,"Bruce Willis, Chad Michael Murray, Shea Buckner, Tyler Jon Olson","Action, Drama, Thriller","A disgraced doctor and his family are held hostage at their home by criminals on the run, when a robbery-gone-awry requires them to seek immediate medical attention.",90,11113,4.1
385,Vento Seco,Daniel Nolasco,"Leandro Faria Lelo, Allan Jacinto Santana, Renata Carvalho, Rafael Teóphilo",Drama,"The area around Catalan in Brazil's state of Goiás is dry, very dry. Sandro's life here is just as dry--somewhat monotonous. He works in a fertilizer factory and divides his days between ... See full summary »",110,665,6.4
386,Sheytan vojud nadarad,Mohammad Rasoulof,"Baran Rasoulof, Mahtab Servati, Zhila Shahi, Mohammad Valizadegan",Drama,The four stories that are variations on the crucial themes of moral strength and the death penalty that ask to what extent individual freedom can be expressed under a despotic regime and its seemingly inescapable threats.,151,2714,7.5
387,Money Plane,Andrew Lawrence,"Adam Copeland, Kelsey Grammer, Thomas Jane, Denise Richards","Action, Crime, Thriller",A professional thief with $40 million in debt and his family's life on the line must commit one final heist - rob a futuristic airborne casino filled with the world's most dangerous criminals.,82,4929,3.2
388,Kandisha,Alexandre Bustillo,"Mathilde Lamusse, Suzy Bemba, Samarcande Saadi, Mériem Sarolie",Horror,"It is summer break and best friends Amélie, Bintou and Morjana hang together with the neighborhood teenagers. At night, they have fun sharing goosebumps stories and urban legends. But when ... See full summary »",85,426,5.5
389,Nakitai watashi wa neko o kaburu,Jun'ichi Satô,"Mirai Shida, Natsuki Hanae, Johnny Yong Bosch, Bob Buchholz","Animation, Adventure, Drama","Miyo Sasaki is in love with her classmate Kento Hinode and tries repeatedly to get Kento's attention by transforming into a cat, but at some point, the boundary between herself and the cat becomes ambiguous.",104,7433,6.7
390,The Christmas Chronicles: Part Two,Chris Columbus,"Kurt Russell, Goldie Hawn, Darby Camp, Julian Dennison","Adventure, Comedy, Family","Kate Pierce, now a cynical teen, is unexpectedly reunited with Santa Claus when a mysterious troublemaker threatens to cancel Christmas - forever.",112,24773,6
391,Violation,Dusty Mancinelli,"Madeleine Sims-Fewer, Anna Maguire, Jesse LaVercombe, Obi Abili","Drama, Horror","A troubled woman on the edge of divorce returns home to her younger sister after years apart. But when her sister and brother-in-law betray her trust, she embarks on a vicious crusade of revenge.",107,2828,5.4
392,Sylvie's Love,Eugene Ashe,"Tessa Thompson, Nnamdi Asomugha, Eva Longoria, Aja Naomi King","Drama, Music, Romance","When a young woman meets an aspiring saxophonist in her father's record shop in 1950s Harlem, their love ignites a sweeping romance that transcends changing times, geography, and professional success.",114,5198,6.8
393,A Perfect Enemy,Kike Maíllo,"Dominique Pinon, Tomasz Kot, Marta Nieto, Athena Strates","Action, Adventure, Crime","A successful architect is approached on his trip to the Paris Airport by a chatty girl. Although the meeting seems fortuitous, soon there be a turn that will transform the encounter into something much more sinister and criminal.",89,1194,5.4
394,El baile de los 41,David Pablos,"Alfonso Herrera, Emiliano Zurita, Mabel Cadena, Fernando Becerril","Biography, Drama, History","At the end of the 19th century, Ignacio de la Torre married the daughter of the president of Mexico, Porfirio Díaz. Ignacio leads a double life: he rises in the traditional world of politics while being a member of a clandestine society.",99,3281,6.8
395,Twelve,Angel Manuel Soto,"Jahi Di'Allo Winston, Meek Mill, William Catlett, Donielle T. Hansley Jr.",Drama,"Fourteen-year-old Mouse desperately wants to join the Midnight Clique, an infamous group of Baltimore dirt-bike riders who rule the summertime streets.",125,2043,6.7
396,Stardust,Gabriel Range,"Johnny Flynn, Marc Maron, Jena Malone, Derek Moran","Biography, Drama, Music",Stardust will chronicle the young David Bowie's first visit to the US in 1971 - a trip that inspired the invention of his iconic alter ego Ziggy Stardust.,109,1403,4.2
397,Legacy of Lies,Adrian Bol,"Scott Adkins, Anna Butkevich, Yuliia Sobol, Honor Kneafsey","Action, Thriller",An ex-MI6 agent is thrown back into the world of espionage and high stakes to uncover the shocking truth about operations conducted by unknown secret services.,101,2798,5
398,Quad,Michael Uppendahl,"Aaron Paul, Lena Olin, Tom Berenger, Celia Weston",Drama,A hard-living salesman becomes a quadriplegic after an accident.,100,672,6.4
399,Soldier's Heart,Michael Feifer,"Neal Bledsoe, Rob Mayes, Savannah Judy, Luke Judy",Western,"Haunted by wartime horrors, Civil War soldier-turned-bounty-hunter Frank Connor spends his time post-war polishing off two things: whiskey and fugitives.",140,1905,3.7
400,Khorshid,Majid Majidi,"Ali Nassirian, Javad Ezati, Tannaz Tabatabaei, Roohollah Zamani",Drama,"12-year-old Ali and his three friends, together they work hard to survive and support their families. In a turn of events that seems miraculous, Ali is entrusted to find hidden treasure underground.",99,1736,7.2
